Repo,Commits,Language,Size,Contributors
AWS-Topology-Mapper,99,CSS,13410,7
branch-practise,21,N/A,9,1
CompArch,1,N/A,0,1
CPU,2,VHDL,59,1
eclipseProj,1,N/A,0,1
first-year,2,Processing,37,1
firstYearBackup,1,N/A,0,1
firstYearJava,3,Java,43,1
FlowForwarding,2,Java,709,1
helloworld,1,N/A,0,1
hiWorld,3,N/A,1,1
introprog,3,Java,5,1
introToProgramming,4,Java,230,1
introToProgramming-connect4,2,Java,4,1
LCA,47,Java,63,1
measuring-sweng-report,2,N/A,175,1
pong,3,Processing,37,1
processing,2,Processing,178,1
PubSubProtocol,2,Java,44,1
SecondYearAlgo,3,Java,341,1
SWENG-Bio,6,N/A,347,1
testwebsite,5,HTML,10,1
trial,5,Java,6,1
visualisation-github,80,Python,1905,1
CSU22012-Algorithm-Data-Structure-Group-Project,38,Java,44071,4
